id,name,state,created_at,dataset,variant,seed,sigma_from_name,sparsity_from_name,sigma_from_config,sparsity_from_config,max_epoch,final_acc_train,final_acc_valid,max_acc_valid,final_acc_test,max_acc_test,acc_test_nonzero,has_sparsity_metric,metric_key_count,flags
rpdtvkiq,MainResultDelayDrop||seed=0||snn_delays||shd||10ms||bins=5||sigma_drop=0.5,finished,2026-03-06T15:21:16Z,shd,main_delaydrop,0,0.5,,0,0,149,0.7489390980113636,0.4126157407407407,0.45121206275720166,0.0,0.0,False,False,29,shd_acc_test_flat_zero|missing_dataset_in_config|sigma_mismatch_name_vs_config
js9mvlbn,MainResultDelayDrop||seed=0||snn_delays||shd||10ms||bins=5||sigma_drop=0.5||sparsity_p=0.96,finished,2026-03-06T17:03:35Z,shd,main_delaydrop,0,0.5,0.96,0,0,149,0.22747913707386364,0.19370498971193417,0.2557709619341564,0.0,0.0,False,False,29,shd_acc_test_flat_zero|missing_dataset_in_config|sigma_mismatch_name_vs_config|sparsity_mismatch_name_vs_config
x2yok4wb,MainResultDelayDrop||seed=1||snn_delays||shd||10ms||bins=5||sigma_drop=0.5||sparsity_p=0,finished,2026-03-06T17:04:22Z,shd,main_delaydrop,1,0.5,0.0,0,0,149,0.733340731534091,0.4471772119341564,0.46330054012345673,0.0,0.0,False,False,29,shd_acc_test_flat_zero|missing_dataset_in_config|sigma_mismatch_name_vs_config
2pq2vf0e,MainResultDelayDrop||seed=1||snn_delays||shd||10ms||bins=5||sigma_drop=0.5||sparsity_p=0.96,finished,2026-03-06T18:52:46Z,shd,main_delaydrop,1,0.5,0.96,0,0,149,0.2392977627840909,0.2196823559670782,0.25149498456790126,0.0,0.0,False,False,29,shd_acc_test_flat_zero|missing_dataset_in_config|sigma_mismatch_name_vs_config|sparsity_mismatch_name_vs_config
jshuspn4,MainResultDelayDrop||seed=2||snn_delays||shd||10ms||bins=5||sigma_drop=0.5||sparsity_p=0,finished,2026-03-06T18:53:28Z,shd,main_delaydrop,2,0.5,0.0,0,0,149,0.7443714488636364,0.4382233796296296,0.4767875514403292,0.0,0.0,False,False,29,shd_acc_test_flat_zero|missing_dataset_in_config|sigma_mismatch_name_vs_config
cy0qnmef,MainResultDelayDrop||seed=2||snn_delays||shd||10ms||bins=5||sigma_drop=0.5||sparsity_p=0.96,finished,2026-03-06T20:45:31Z,shd,main_delaydrop,2,0.5,0.96,0,0,149,0.2222478693181818,0.23363554526748972,0.2809124228395061,0.0,0.0,False,False,29,shd_acc_test_flat_zero|missing_dataset_in_config|sigma_mismatch_name_vs_config|sparsity_mismatch_name_vs_config
i48tj8xk,MainResultDelayDrop||seed=0||snn_delays||shd||10ms||bins=5||sigma_drop=1||sparsity_p=0,finished,2026-03-06T20:49:20Z,shd,main_delaydrop,0,1.0,0.0,0,0,149,0.6907781427556818,0.47315457818930046,0.4908371913580247,0.0,0.0,False,False,29,shd_acc_test_flat_zero|missing_dataset_in_config|sigma_mismatch_name_vs_config
hyljkdcm,MainResultDelayDrop||seed=0||snn_delays||shd||10ms||bins=5||sigma_drop=1||sparsity_p=0.96,finished,2026-03-06T22:40:24Z,shd,main_delaydrop,0,1.0,0.96,0,0,149,0.21535200639204544,0.2137988683127572,0.2504983281893004,0.0,0.0,False,False,29,shd_acc_test_flat_zero|missing_dataset_in_config|sigma_mismatch_name_vs_config|sparsity_mismatch_name_vs_config
5wiy1huj,MainResultDelayDrop||seed=1||snn_delays||shd||10ms||bins=5||sigma_drop=1||sparsity_p=0,finished,2026-03-06T22:43:03Z,shd,main_delaydrop,1,1.0,0.0,0,0,149,0.6857799183238636,0.466724537037037,0.4992444701646091,0.0,0.0,False,False,29,shd_acc_test_flat_zero|missing_dataset_in_config|sigma_mismatch_name_vs_config
vr2apdtl,MainResultDelayDrop||seed=1||snn_delays||shd||10ms||bins=5||sigma_drop=1||sparsity_p=0.96,finished,2026-03-07T00:26:01Z,shd,main_delaydrop,1,1.0,0.96,0,0,149,0.23498757102272727,0.21768904320987653,0.2585358796296296,0.0,0.0,False,False,29,shd_acc_test_flat_zero|missing_dataset_in_config|sigma_mismatch_name_vs_config|sparsity_mismatch_name_vs_config
cyohxi6e,MainResultDelayDrop||seed=2||snn_delays||shd||10ms||bins=5||sigma_drop=1||sparsity_p=0,finished,2026-03-07T00:29:23Z,shd,main_delaydrop,2,1.0,0.0,0,0,149,0.6931862571022727,0.504758230452675,0.528517232510288,0.0,0.0,False,False,29,shd_acc_test_flat_zero|missing_dataset_in_config|sigma_mismatch_name_vs_config
pq1bam7k,MainResultDelayDrop||seed=2||snn_delays||shd||10ms||bins=5||sigma_drop=1||sparsity_p=0.96,finished,2026-03-07T02:08:36Z,shd,main_delaydrop,2,1.0,0.96,0,0,149,0.22164195667613637,0.27020640432098764,0.2804783950617284,0.0,0.0,False,False,29,shd_acc_test_flat_zero|missing_dataset_in_config|sigma_mismatch_name_vs_config|sparsity_mismatch_name_vs_config
zndz9cyr,MainResultDelayDrop||seed=0||snn_delays||shd||10ms||bins=5||sigma_drop=2||sparsity_p=0,finished,2026-03-07T02:10:39Z,shd,main_delaydrop,0,2.0,0.0,0,0,149,0.6495205965909091,0.4490097736625514,0.5250450102880658,0.0,0.0,False,False,29,shd_acc_test_flat_zero|missing_dataset_in_config|sigma_mismatch_name_vs_config
3yj8azw3,MainResultDelayDrop||seed=0||snn_delays||shd||10ms||bins=5||sigma_drop=2||sparsity_p=0.96,finished,2026-03-07T03:59:05Z,shd,main_delaydrop,0,2.0,0.96,0,0,149,0.20190651633522727,0.21587255658436214,0.259130658436214,0.0,0.0,False,False,29,shd_acc_test_flat_zero|missing_dataset_in_config|sigma_mismatch_name_vs_config|sparsity_mismatch_name_vs_config
inc8vtmv,MainResultDelayDrop||seed=1||snn_delays||shd||10ms||bins=5||sigma_drop=2||sparsity_p=0,finished,2026-03-07T04:00:50Z,shd,main_delaydrop,1,2.0,0.0,0,0,149,0.6504372336647728,0.49876221707818935,0.5174897119341564,0.0,0.0,False,False,29,shd_acc_test_flat_zero|missing_dataset_in_config|sigma_mismatch_name_vs_config
klvshqq2,MainResultDelayDrop||seed=1||snn_delays||shd||10ms||bins=5||sigma_drop=2||sparsity_p=0.96,finished,2026-03-07T05:55:10Z,shd,main_delaydrop,1,2.0,0.96,0,0,149,0.2196843927556818,0.209667566872428,0.2556745113168724,0.0,0.0,False,False,29,shd_acc_test_flat_zero|missing_dataset_in_config|sigma_mismatch_name_vs_config|sparsity_mismatch_name_vs_config
tmb134nw,MainResultDelayDrop||seed=2||snn_delays||shd||10ms||bins=5||sigma_drop=2||sparsity_p=0,finished,2026-03-07T05:55:41Z,shd,main_delaydrop,2,2.0,0.0,0,0,149,0.6452348188920455,0.4544110082304527,0.5182452417695473,0.0,0.0,False,False,29,shd_acc_test_flat_zero|missing_dataset_in_config|sigma_mismatch_name_vs_config
kj79trwv,MainResultDelayDrop||seed=2||snn_delays||shd||10ms||bins=5||sigma_drop=2||sparsity_p=0.96,finished,2026-03-07T07:53:44Z,shd,main_delaydrop,2,2.0,0.96,0,0,149,0.2043878728693182,0.2026588220164609,0.24797453703703706,0.0,0.0,False,False,29,shd_acc_test_flat_zero|missing_dataset_in_config|sigma_mismatch_name_vs_config|sparsity_mismatch_name_vs_config
mn3wx4w5,MainResultDelayDrop||seed=0||snn_delays||shd||10ms||bins=5||sigma_drop=5||sparsity_p=0,finished,2026-03-07T07:53:44Z,shd,main_delaydrop,0,5.0,0.0,0,0,149,0.6059037642045455,0.37176890432098764,0.44820601851851855,0.0,0.0,False,False,29,shd_acc_test_flat_zero|missing_dataset_in_config|sigma_mismatch_name_vs_config
2zvp3i6i,MainResultDelayDrop||seed=1||snn_delays||shd||10ms||bins=5||sigma_drop=5||sparsity_p=0,finished,2026-03-07T09:42:46Z,shd,main_delaydrop,1,5.0,0.0,0,0,149,0.6048095703125,0.37157600308641975,0.47778420781893005,0.0,0.0,False,False,29,shd_acc_test_flat_zero|missing_dataset_in_config|sigma_mismatch_name_vs_config
4ayxucz5,MainResultDelayDrop||seed=0||snn_delays||shd||10ms||bins=5||sigma_drop=5||sparsity_p=0.96,finished,2026-03-07T09:43:28Z,shd,main_delaydrop,0,5.0,0.96,0,0,149,0.19116654829545454,0.22810570987654322,0.24004951131687247,0.0,0.0,False,False,29,shd_acc_test_flat_zero|missing_dataset_in_config|sigma_mismatch_name_vs_config|sparsity_mismatch_name_vs_config
grmho3gg,MainResultDelayDrop||seed=1||snn_delays||shd||10ms||bins=5||sigma_drop=5||sparsity_p=0.96,finished,2026-03-07T11:24:53Z,shd,main_delaydrop,1,5.0,0.96,0,0,149,0.2002374822443182,0.19801311728395063,0.23543595679012347,0.0,0.0,False,False,29,shd_acc_test_flat_zero|missing_dataset_in_config|sigma_mismatch_name_vs_config|sparsity_mismatch_name_vs_config
n0uw4dwu,MainResultDelayDrop||seed=2||snn_delays||shd||10ms||bins=5||sigma_drop=5||sparsity_p=0,finished,2026-03-07T11:24:53Z,shd,main_delaydrop,2,5.0,0.0,0,0,149,0.5949684836647727,0.4375643004115226,0.47292952674897115,0.0,0.0,False,False,29,shd_acc_test_flat_zero|missing_dataset_in_config|sigma_mismatch_name_vs_config
yupoj848,MainResultDelayDrop||seed=2||snn_delays||shd||10ms||bins=5||sigma_drop=5||sparsity_p=0.96,finished,2026-03-07T13:02:10Z,shd,main_delaydrop,2,5.0,0.96,0,0,149,0.19271129261363637,0.16145833333333334,0.23659336419753085,0.0,0.0,False,False,29,shd_acc_test_flat_zero|missing_dataset_in_config|sigma_mismatch_name_vs_config|sparsity_mismatch_name_vs_config
yo2fbnze,BaselineDelayDrop||seed=0||snn_delays||shd||10ms||bins=5||sigma_drop=0||sparsity_p=0.96,finished,2026-03-11T18:23:32Z,shd,baseline_delay,0,0.0,0.96,0,0,149,0.26793989701704546,0.23935828189300412,0.3109246399176955,0.0,0.0,False,False,29,shd_acc_test_flat_zero|missing_dataset_in_config|sparsity_mismatch_name_vs_config
6i5v6k0f,BaselineNoDelayDrop||seed=0||snn_delays||shd||10ms||bins=5,finished,2026-03-16T21:36:49Z,shd,baseline_no_delay,0,,,,0.96,149,0.26830610795454546,0.19478202160493827,0.2748842592592593,0.0,0.0,False,False,29,shd_acc_test_flat_zero|missing_dataset_in_config
cpvo56hh,BaselineNoDelayDrop||seed=0||snn_delays||ssc||10ms||bins=5,running,2026-03-17T11:55:28Z,ssc,baseline_no_delay,0,,,,0.98,103,0.1324384596828327,0.15045614485152528,0.1749308775463667,0.14235067246835445,0.17130204212816455,True,False,29,missing_dataset_in_config
